apple_rating,google_rating,normed_apple_rating,normed_google_rating,apple_revenue,google_revenue,z_score_apple_rating,z_score_google_rating,app_num,log_google_reviews,log_apple_reviews,google_reviews,apple_reviews
4.0,4.4,0.8,0.8800000000000001,0.0,0.0,-0.08398744916625872,0.4491437771893432,1,6.0656663409292175,3.3220124385824,1163232.0,2099.0
4.0,4.5,0.8,0.9,0.0,0.0,-0.08398744916625872,0.6465698854928766,1,4.906755123554984,2.7543483357110192,80678.0,568.0
4.0,4.2,0.8,0.8400000000000001,28521.45,137382.48,-0.08398744916625872,0.054291560582274696,1,4.138365863678995,3.455606112581867,13752.0,2855.0
3.5,4.2,0.7,0.8400000000000001,0.0,0.0,-0.8060181649123952,0.054291560582274696,1,4.8782057255345,4.222274149796562,75545.0,16683.0
4.5,4.6,0.9,0.92,0.0,0.0,0.6380432665798778,0.84399599379641,1,5.823813837231414,3.99471298543157,666521.0,9879.0
3.0,4.0,0.6,0.8,0.0,0.0,-1.5280488806585315,-0.34056065602479385,1,4.278204671684168,4.68490816828812,18976.0,48407.0
3.0,3.3,0.6,0.6599999999999999,0.0,0.0,-1.5280488806585315,-1.7225434141495328,1,4.702671744161752,4.897021956060363,50428.0,78890.0
4.0,4.3,0.8,0.86,0.0,0.0,-0.08398744916625872,0.2517176688858081,1,4.93036312773914,3.9203320715395886,85185.0,8324.0
4.0,4.1,0.8,0.82,0.0,0.0,-0.08398744916625872,-0.14313454772126047,1,4.795636744311401,3.7187507347396647,62465.0,5233.0
5.0,4.7,1.0,0.94,0.0,0.0,1.3600739823260142,1.0414221020999452,1,5.259589101142597,3.987889609997745,181798.0,9725.0
3.5,4.4,0.7,0.8800000000000001,0.0,0.0,-0.8060181649123952,0.4491437771893432,1,6.312474403685975,5.159007422849529,2053404.0,144214.0
4.166666666666667,4.333333333333334,0.8333333333333334,0.8666666666666668,148987.19,30299.320000000003,0.1566894560824534,0.31752637165365366,3,6.2052438926942814,4.8057930081146125,1604146.0,63943.0
4.25,4.35,0.8500000000000001,0.8700000000000001,0.0,0.0,0.2770279087068095,0.3504307230375756,2,5.648737765144075,3.904853355110491,1541031.5,11642.0
4.5,4.3,0.9,0.86,0.0,0.0,0.6380432665798778,0.2517176688858081,1,4.706658052072829,4.14789264483285,50893.0,14057.0
4.5,4.3,0.9,0.86,0.0,0.0,0.6380432665798778,0.2517176688858081,1,4.7066068481645065,4.272978109073684,50887.0,18749.0
2.5,3.1,0.5,0.62,0.0,0.0,-2.2500795964046683,-2.1173956307566004,1,4.32166055684867,3.060697840353612,20973.0,1150.0
4.0,4.4,0.8,0.8800000000000001,0.0,0.0,-0.08398744916625872,0.4491437771893432,1,5.555581697920445,4.348343811479369,359403.0,22302.0
3.0,3.4,0.6,0.6799999999999999,0.0,0.0,-1.5280488806585315,-1.5251173058459986,1,4.628358272887206,3.284656282788516,42497.0,1926.0
3.5,4.5,0.7,0.9,0.0,0.0,-0.8060181649123952,0.6465698854928766,1,4.7915573233042,5.038814815755295,61881.0,109349.0
3.25,4.05,0.65,0.81,0.0,0.0,-1.1670335227854636,-0.24184760187302673,2,5.200660726026971,4.25694036839759,236442.0,25572.0
4.5,4.5,0.9,0.9,0.0,0.0,0.6380432665798778,0.6465698854928766,1,5.988233336921812,4.584602573630907,973270.0,38424.0
4.5,4.2,0.9,0.8400000000000001,0.0,0.0,0.6380432665798778,0.054291560582274696,1,6.047817104714744,4.511869997866151,1116393.0,32499.0
3.0,4.4,0.6,0.8800000000000001,0.0,0.0,-1.5280488806585315,0.4491437771893432,1,4.803798407989674,2.465382851448418,63650.0,292.0
3.0,4.1,0.6,0.82,0.0,0.0,-1.5280488806585315,-0.14313454772126047,1,4.467149153489957,1.9493900066449128,29319.0,89.0
4.5,4.35,0.9,0.8700000000000001,85348.515,229396.035,0.6380432665798778,0.35043072303757566,2,4.895210866479549,4.126655837712503,78587.0,17392.5
4.5,3.5,0.9,0.7,0.0,0.0,0.6380432665798778,-1.3276911975424643,1,3.3010299956639813,3.4007106367732307,2000.0,2516.0
4.5,4.4,0.9,0.8800000000000001,0.0,0.0,0.6380432665798778,0.4491437771893432,1,6.1733995741151295,4.596608090284298,1490732.0,39501.0
5.0,4.7,1.0,0.94,0.0,0.0,1.3600739823260142,1.0414221020999452,1,5.4577260069763645,3.749040268703457,286897.0,5611.0
4.5,4.7,0.9,0.94,0.0,0.0,0.6380432665798778,1.0414221020999452,1,4.756681740995332,1.4913616938342726,57106.0,31.0
3.0,4.0,0.6,0.8,0.0,0.0,-1.5280488806585315,-0.34056065602479385,1,3.909876817990392,5.071473283787442,8126.0,117889.0
4.0,4.3,0.8,0.86,0.0,0.0,-0.08398744916625872,0.2517176688858081,1,5.4724214600998655,3.3743816980508816,296771.0,2368.0
4.0,4.6,0.8,0.92,10746.06,64662.05,-0.08398744916625872,0.84399599379641,1,4.033222646670248,3.2538224387080734,10795.0,1794.0
4.5,4.4,0.9,0.8800000000000001,0.0,0.0,0.6380432665798778,0.4491437771893432,1,5.271023340666732,2.342422680822206,186648.0,220.0
5.0,4.7,1.0,0.94,0.0,0.0,1.3600739823260142,1.0414221020999452,1,5.763547782415414,4.898033708368627,580160.0,79074.0
4.0,4.2,0.8,0.8400000000000001,0.0,0.0,-0.08398744916625872,0.054291560582274696,1,4.714254296619151,2.4742162640762557,51791.0,298.0
4.5,4.3,0.9,0.86,0.0,0.0,0.6380432665798778,0.2517176688858081,1,4.832955750604596,3.958802703399502,68070.0,9095.0
3.5,4.0,0.7,0.8,0.0,0.0,-0.8060181649123952,-0.34056065602479385,1,4.83843977992545,4.191842094619105,68935.0,15554.0
3.8333333333333335,4.233333333333333,0.7666666666666666,0.8466666666666667,0.0,0.0,-0.3246643544149708,0.12010026335011915,3,5.836312086975802,4.328216457500717,685981.0,21292.0
4.0,4.1,0.8,0.82,0.0,0.0,-0.08398744916625872,-0.14313454772126047,1,5.812989518534911,3.7293268096468606,650114.0,5362.0
2.5,4.2,0.5,0.8400000000000001,0.0,0.0,-2.2500795964046683,0.054291560582274696,1,4.170467076385936,2.9854264740830017,14807.0,967.0
4.5,4.3,0.9,0.86,0.0,0.0,0.6380432665798778,0.2517176688858081,1,6.577695112354534,4.536911794293623,3781770.0,34428.0
2.5,3.2,0.5,0.64,0.0,0.0,-2.2500795964046683,-1.9199695224530664,1,2.82020145948564,2.3521825181113623,661.0,225.0
4.5,4.2,0.9,0.8400000000000001,166.79999999999995,1686.0,0.6380432665798778,0.054291560582274696,1,3.147676324241098,2.143014800254095,1405.0,139.0
5.0,4.5,1.0,0.9,0.0,0.0,1.3600739823260142,0.6465698854928766,1,4.5711612524127245,4.1009561030594925,37253.0,12617.0
4.5,4.4,0.9,0.8800000000000001,0.0,0.0,0.6380432665798778,0.4491437771893432,1,4.9546380198176765,4.078311787334996,90082.0,11976.0
4.0,4.3,0.8,0.86,3726.27,54365.58,-0.08398744916625872,0.2517176688858081,1,3.7357585374437385,2.5717088318086883,5442.0,373.0
4.5,4.3,0.9,0.86,0.0,0.0,0.6380432665798778,0.2517176688858081,2,4.6585646502615585,4.115850135518539,45558.0,28184.5
4.0,4.1,0.8,0.82,0.0,0.0,-0.08398744916625872,-0.14313454772126047,1,3.897846931579571,1.6020599913279625,7904.0,40.0
4.5,4.6,0.9,0.92,0.0,0.0,0.6380432665798778,0.84399599379641,1,4.357458385645035,3.480581786829169,22775.0,3024.0
4.5,4.6,0.9,0.92,0.0,0.0,0.6380432665798778,0.84399599379641,1,6.434431888060515,5.299716441862538,2719142.0,199396.0
4.5,4.3,0.9,0.86,0.0,0.0,0.6380432665798778,0.2517176688858081,1,6.112456525188224,5.572705516674319,1295557.0,373857.0
4.5,4.3,0.9,0.86,0.0,0.0,0.6380432665798778,0.2517176688858081,1,3.692229835772755,1.9344984512435681,4923.0,86.0
4.5,4.4,0.9,0.8800000000000001,0.0,0.0,0.6380432665798778,0.4491437771893432,1,5.5821770376884094,5.056748629612828,382100.0,113959.0
4.5,4.3,0.9,0.86,0.0,0.0,0.6380432665798778,0.2517176688858081,1,4.514972542504059,4.122445256281956,32732.0,13257.0
4.5,4.6,0.9,0.92,10458.91,51751.23,0.6380432665798778,0.84399599379641,1,3.811373897053893,3.1169396465507555,6477.0,1309.0
4.5,4.7,0.9,0.94,0.0,0.0,0.6380432665798778,1.0414221020999452,1,6.054380526047879,4.2652424686338,1133393.0,18418.0
4.5,4.6,0.9,0.92,0.0,0.0,0.6380432665798778,0.84399599379641,1,6.364003608327117,4.579463472201396,2312084.0,37972.0
4.5,4.5,0.9,0.9,0.0,0.0,0.6380432665798778,0.6465698854928766,1,5.802198160350562,3.967968962878692,634159.0,9289.0
4.5,4.4,0.9,0.8800000000000001,0.0,0.0,0.6380432665798778,0.4491437771893432,1,5.087362533275024,4.229912108330146,122282.0,16979.0
5.0,4.7,1.0,0.94,0.0,0.0,1.3600739823260142,1.0414221020999452,1,5.848989821137439,5.007231266336102,706301.0,101679.0
3.5,4.1,0.7,0.82,344.77,1199.2,-0.8060181649123952,-0.14313454772126047,1,1.9030899869919435,1.3617278360175928,80.0,23.0
4.5,4.4,0.9,0.8800000000000001,0.0,0.0,0.6380432665798778,0.4491437771893432,1,5.34020806420253,4.321805483857538,218881.0,20980.0
3.5,4.0,0.7,0.8,6956.06,3143.700000000001,-0.8060181649123952,-0.34056065602479385,1,2.7993405494535817,3.1442627737619904,630.0,1394.0
4.0,4.5,0.8,0.9,0.0,0.0,-0.08398744916625872,0.6465698854928766,1,5.397799274459727,5.122880741016044,249919.0,132703.0
5.0,4.5,1.0,0.9,0.0,0.0,1.3600739823260142,0.6465698854928766,1,4.649217992456272,5.015590255971954,44588.0,103655.0
4.5,4.6,0.9,0.92,2038.89,1272.8100000000004,0.6380432665798778,0.84399599379641,1,2.5037906830571814,2.7084209001347124,319.0,511.0
4.5,4.8,0.9,0.96,0.0,0.0,0.6380432665798778,1.2388482104034786,1,5.721476731179623,3.460296326757476,526595.0,2886.0
4.0,4.133333333333334,0.8000000000000002,0.8266666666666667,0.0,0.0,-0.08398744916625873,-0.07732584495341542,3,5.171126508351263,2.841359470454855,148295.0,694.0
4.0,4.3,0.8,0.86,0.0,0.0,-0.08398744916625872,0.2517176688858081,1,5.111611959923376,5.3672440711352225,129304.0,232940.0
4.5,4.6,0.9,0.92,0.0,0.0,0.6380432665798778,0.84399599379641,1,4.9337807676854615,3.824581376233482,85858.0,6677.0
4.5,4.7,0.9,0.94,0.0,0.0,0.6380432665798778,1.0414221020999452,1,5.241872577044282,3.9597090242464303,174531.0,9114.0
5.0,4.6,1.0,0.92,0.0,0.0,1.3600739823260142,0.84399599379641,1,6.161667412437736,5.091431284510259,1451000.0,123433.0
3.9,4.340000000000001,0.7799999999999999,0.8680000000000001,0.0,0.0,-0.2283935923154859,0.33068811220722216,5,4.884274124390297,2.742725131304698,76608.0,553.0
4.5,4.5,0.9,0.9,0.0,0.0,0.6380432665798778,0.6465698854928766,1,6.205547277851636,5.296774846740312,1605267.0,198050.0
4.5,4.5,0.9,0.9,0.0,0.0,0.6380432665798778,0.6465698854928766,1,6.0481355918211195,4.486713775982485,1117212.0,30670.0
4.5,4.7,0.9,0.94,0.0,0.0,0.6380432665798778,1.0414221020999452,1,6.909496122422416,4.7409702765571335,8118880.0,55077.0
3.5,4.3,0.7,0.86,0.0,0.0,-0.8060181649123952,0.2517176688858081,1,4.4472820977569745,3.753199914199416,28008.0,5665.0
3.5,4.0,0.7,0.8,0.0,0.0,-0.8060181649123952,-0.34056065602479385,1,4.893795040053584,4.688615566379257,78306.0,48822.0
4.5,4.4,0.9,0.8800000000000001,0.0,0.0,0.6380432665798778,0.4491437771893432,1,5.1718726561396835,4.549493713215012,148550.0,35440.0
3.75,4.15,0.75,0.8300000000000001,15092.175,36402.765,-0.44500280703932693,-0.044421493569492876,2,4.997350449766225,3.9730701062836866,279818.0,9621.0
4.5,4.3,0.9,0.86,0.0,0.0,0.6380432665798778,0.2517176688858081,1,6.310810948802601,5.137107139049872,2045554.0,137122.0
4.0,4.1,0.8,0.82,0.0,0.0,-0.08398744916625872,-0.14313454772126047,1,4.723422831891353,3.688241795977712,52896.0,4878.0
4.5,4.5,0.9,0.9,0.0,0.0,0.6380432665798778,0.6465698854928766,1,6.793161389398649,5.152165990675555,6210998.0,141960.0
3.0,4.1,0.6,0.82,0.0,0.0,-1.5280488806585315,-0.14313454772126047,1,4.83509419605652,5.033950219382422,68406.0,108131.0
4.5,4.1,0.9,0.82,0.0,0.0,0.6380432665798778,-0.14313454772126047,1,5.390650780671014,3.9248992640142832,245839.0,8412.0
4.5,4.4,0.9,0.8800000000000001,0.0,0.0,0.6380432665798778,0.4491437771893432,1,5.732338263093469,4.367318640929692,539931.0,23298.0
4.5,4.5,0.9,0.9,0.0,0.0,0.6380432665798778,0.6465698854928766,1,6.651973684864638,5.4788290128996175,4487182.0,301182.0
3.5,4.8,0.7,0.96,22.35,8402.11,-0.8060181649123952,1.2388482104034786,1,3.751202094588352,1.1760912590556811,5639.0,15.0
3.0,3.7,0.6,0.74,0.0,0.0,-1.5280488806585315,-0.932838980935396,1,4.440279213235588,3.9081632000555486,27560.0,8094.0
4.5,4.3,0.9,0.86,0.0,0.0,0.6380432665798778,0.2517176688858081,1,4.664199935938318,4.2561161466543815,46153.0,18035.0
3.5,4.0,0.7,0.8,0.0,0.0,-0.8060181649123952,-0.34056065602479385,1,5.0780397241287645,2.7092699609758304,119685.0,512.0
4.5,4.5,0.9,0.9,0.0,0.0,0.6380432665798778,0.6465698854928766,1,5.484793657458309,3.961516011448949,305347.0,9152.0
4.5,4.4750000000000005,0.9,0.895,65498.86,93898.15,0.6380432665798778,0.5972133584169933,4,5.752901435589765,4.645175665521524,568743.0,44582.0
5.0,4.7,1.0,0.94,0.0,0.0,1.3600739823260142,1.0414221020999452,1,6.014072993320688,5.412668824426535,1032935.0,258624.0
4.5,4.5,0.9,0.9,0.0,0.0,0.6380432665798778,0.6465698854928766,1,5.0191329138411485,4.414087151827532,104504.0,25947.0
4.0,4.1,0.8,0.82,83.72,792.35,-0.08398744916625872,-0.14313454772126047,1,2.4232458739368075,1.4471580313422192,265.0,28.0
4.25,4.35,0.85,0.8700000000000001,1172.15,6367.1125,0.2770279087068095,0.35043072303757605,4,3.2481898965694227,2.5699584247484717,1834.0,371.5
4.5,4.5,0.9,0.9,26.73,32020.56,0.6380432665798778,0.6465698854928766,1,4.509793728325618,1.4313637641589871,32344.0,27.0
4.5,4.6,0.9,0.92,0.0,0.0,0.6380432665798778,0.84399599379641,1,5.8759584570015,5.163009225948144,751551.0,145549.0
3.5,4.4,0.7,0.8800000000000001,0.0,0.0,-0.8060181649123952,0.4491437771893432,1,6.269818710625334,4.695289003140087,1861310.0,49578.0
4.0,4.5,0.8,0.9,0.0,0.0,-0.08398744916625872,0.6465698854928766,1,3.9134429548593963,2.8055008581584002,8193.0,639.0
4.0,4.2,0.8,0.8400000000000001,0.0,0.0,-0.08398744916625872,0.054291560582274696,1,4.833166243406891,3.95751151145448,68103.0,9068.0
4.5,4.7,0.9,0.94,0.0,0.0,0.6380432665798778,1.0414221020999452,1,6.798645397976265,5.211390222224795,6289924.0,162701.0
4.0,3.8,0.8,0.76,0.0,0.0,-0.08398744916625872,-0.7354128726318624,1,3.978317496746752,2.0170333392987803,9513.0,104.0
3.9285714285714284,4.314285714285715,0.7857142857142857,0.862857142857143,15431.93142857143,40236.508571428574,-0.18713469427284965,0.2799213986434562,7,5.4214509098148005,5.216121018470118,263907.0,164483.0
4.5,4.2,0.9,0.8400000000000001,0.0,0.0,0.6380432665798778,0.054291560582274696,1,6.349021150054456,4.378579576115775,2233681.0,23910.0
3.5,4.2,0.7,0.8400000000000001,0.0,0.0,-0.8060181649123952,0.054291560582274696,1,5.716952741922495,5.463887019261278,521138.0,290996.0
4.0,4.1,0.8,0.82,0.0,0.0,-0.08398744916625872,-0.14313454772126047,1,5.460610722794536,5.203400086091226,288809.0,159735.0
4.5,4.4,0.9,0.8800000000000001,0.0,0.0,0.6380432665798778,0.4491437771893432,1,5.148164437937767,3.446070935701005,140658.0,2793.0
3.5,4.1,0.7,0.82,0.0,0.0,-0.8060181649123952,-0.14313454772126047,1,5.3011559228051786,3.857151502687493,200058.0,7197.0
4.5,4.6,0.9,0.92,0.0,0.0,0.6380432665798778,0.84399599379641,1,5.233039283720955,2.1846914308175984,171017.0,153.0
4.285714285714286,4.3999999999999995,0.8571428571428573,0.8800000000000001,0.0,0.0,0.328601531260105,0.4491437771893426,7,6.164857652730112,4.544043226813659,1461698.0,34998.0
5.0,4.5,1.0,0.9,0.0,0.0,1.3600739823260142,0.6465698854928766,1,5.39604583436736,4.7641163286885115,248912.0,58092.0
3.5,4.1,0.7,0.82,0.0,0.0,-0.8060181649123952,-0.14313454772126047,1,4.6924855910416525,4.79045406258939,49259.0,61724.0
2.6666666666666665,4.0,0.5333333333333333,0.8000000000000002,36.876666666666665,103.65333333333336,-2.0094026911559557,-0.34056065602479385,3,1.7160033436347992,1.0791812460476249,52.0,12.0
3.5,3.9,0.7,0.78,0.0,0.0,-0.8060181649123952,-0.5379867643283281,1,5.955876240341781,4.396809372554381,903392.0,24935.0
4.5,4.3,0.9,0.86,0.0,0.0,0.6380432665798778,0.2517176688858081,1,6.265068178251168,5.192854472282557,1841061.0,155903.0
4.5,4.3,0.9,0.86,0.0,0.0,0.6380432665798778,0.2517176688858081,1,5.1099428369986395,4.129754322802772,128808.0,13482.0
4.5,4.5,0.9,0.9,0.0,0.0,0.6380432665798778,0.6465698854928766,1,6.808060531036521,5.594910521550786,6427773.0,393469.0
4.5,4.3,0.9,0.86,0.0,0.0,0.6380432665798778,0.2517176688858081,1,4.980094313785294,4.483359036280686,95520.0,30434.0
4.0,4.4,0.8,0.8800000000000001,0.0,0.0,-0.08398744916625872,0.4491437771893432,1,4.804636847484356,3.3716219271760215,63773.0,2353.0
4.0,4.6,0.8,0.92,0.0,0.0,-0.08398744916625872,0.84399599379641,1,6.172718494203393,5.207001176928917,1488396.0,161065.0
4.5,4.3,0.9,0.86,0.0,0.0,0.6380432665798778,0.2517176688858081,1,5.138921324402461,4.727663232729934,137696.0,53415.0
4.5,4.4,0.9,0.8800000000000001,0.0,0.0,0.6380432665798778,0.4491437771893432,1,6.156078562204274,3.9920230277638495,1432447.0,9818.0
4.5,3.9,0.9,0.78,0.0,0.0,0.6380432665798778,-0.5379867643283281,1,4.7841963436273875,4.595397006170128,60841.0,39391.0
4.5,4.7,0.9,0.94,0.0,0.0,0.6380432665798778,1.0414221020999452,1,5.388806091204613,3.6522463410033232,244797.0,4490.0
3.5,4.1,0.7,0.82,0.0,0.0,-0.8060181649123952,-0.14313454772126047,1,7.892975137931481,6.473439669535169,78158306.0,2974676.0
3.0,4.05,0.6,0.81,0.0,0.0,-1.5280488806585315,-0.24184760187302717,2,6.292906812161707,5.545883318753918,28355436.0,351466.0
4.5,4.55,0.9,0.91,0.0,0.0,0.6380432665798778,0.7452829396446433,2,4.585739547972904,4.10514790587946,39845.0,14132.5
4.0,3.8,0.8,0.76,0.0,0.0,-0.08398744916625872,-0.7354128726318624,1,3.673849977342949,4.0152759066818735,4719.0,10358.0
4.5,4.5,0.9,0.9000000000000001,0.0,0.0,0.6380432665798778,0.6465698854928765,2,6.694968450246771,4.781884505235396,5836998.5,71018.5
5.0,4.9,1.0,0.98,718100.92,105383.81,1.3600739823260142,1.4362743187070135,1,4.324673350189245,5.158084937503539,21119.0,143908.0
4.5,4.6,0.9,0.92,0.0,0.0,0.6380432665798778,0.84399599379641,1,6.733893103782396,4.931432442867228,5418675.0,85395.0
5.0,4.3,1.0,0.86,0.0,0.0,1.3600739823260142,0.2517176688858081,1,3.7402837196818783,4.453914321237848,5499.0,28439.0
4.0,4.4,0.8,0.8800000000000001,0.0,0.0,-0.08398744916625872,0.4491437771893432,1,4.841328180099864,5.572679959416505,69395.0,373835.0
4.0,3.9,0.8,0.78,0.0,0.0,-0.08398744916625872,-0.5379867643283281,1,5.553175205222251,4.956629383444766,357417.0,90496.0
4.0,4.300000000000001,0.8,0.8600000000000001,960.58,4855.915000000001,-0.08398744916625872,0.25171766888580893,2,2.706285708487256,1.6388046071520452,958.5,192.0
4.5,4.5,0.9,0.8999999999999999,0.0,0.0,0.6380432665798778,0.6465698854928766,2,4.00725649342022,3.8049645195776622,327288.5,6636.0
5.0,3.6,1.0,0.72,0.0,0.0,1.3600739823260142,-1.1302650892389299,1,3.017867718963505,1.230448921378274,1042.0,17.0
4.5,4.6,0.9,0.92,0.0,0.0,0.6380432665798778,0.84399599379641,1,4.5109871220675615,3.351989455435632,32433.0,2249.0
4.5,4.5,0.9,0.9,0.0,0.0,0.6380432665798778,0.6465698854928766,2,5.936194218751482,5.144249803201909,867051.5,163110.5
4.0,4.2,0.8,0.8400000000000001,0.0,0.0,-0.08398744916625872,0.054291560582274696,1,5.486645801523531,3.5219222448835,306652.0,3326.0
3.5,4.2,0.7,0.8400000000000001,0.0,0.0,-0.8060181649123952,0.054291560582274696,1,4.878326433943267,4.222274149796562,75566.0,16683.0
3.5,4.4,0.7,0.8800000000000001,0.0,0.0,-0.8060181649123952,0.4491437771893432,1,5.219207170490848,4.5554572172046495,165656.0,35930.0
4.0,4.1,0.8,0.82,0.0,0.0,-0.08398744916625872,-0.14313454772126047,1,5.138851930651346,2.9907826918031377,137674.0,979.0
4.0,4.3,0.8,0.86,0.0,0.0,-0.08398744916625872,0.2517176688858081,1,4.393206554563365,4.057704131534028,24729.0,11421.0
4.25,4.35,0.8500000000000001,0.8700000000000001,3942.315,49053.94,0.2770279087068095,0.35043072303757566,2,5.120503898502871,3.489609215711991,281833.0,3126.0
4.5,4.3,0.9,0.86,0.0,0.0,0.6380432665798778,0.2517176688858081,1,5.412554620377888,2.008600171761917,258556.0,102.0
2.5,4.2,0.5,0.8400000000000001,0.0,0.0,-2.2500795964046683,0.054291560582274696,1,4.093351632015555,3.0842186867392387,12398.0,1214.0
4.5,4.5,0.9,0.9,0.0,0.0,0.6380432665798778,0.6465698854928766,1,5.649757262654628,4.508058135682363,446434.0,32215.0
4.3125,4.35,0.8625,0.8700000000000001,0.0,0.0,0.3672817481750766,0.35043072303757544,8,5.987463297561522,4.504121932922767,1015206.5,33891.5
4.0,4.0,0.8,0.8,0.0,0.0,-0.08398744916625872,-0.34056065602479385,1,5.106564834846762,1.724275869600789,127810.0,53.0
4.5,4.4,0.9,0.8800000000000001,370.76000000000016,1231.88,0.6380432665798778,0.4491437771893432,1,2.6148972160331345,2.093421685162235,412.0,124.0
4.5,4.2,0.9,0.8400000000000001,833.58,1077.12,0.6380432665798778,0.054291560582274696,1,3.0366288953621607,2.9253120914996487,1088.0,842.0
4.5,4.7,0.9,0.94,0.0,0.0,0.6380432665798778,1.0414221020999452,1,5.843023992408134,4.457185256553668,696665.0,28654.0
4.0,4.5,0.8,0.9,0.0,0.0,-0.08398744916625872,0.6465698854928766,1,4.416673785333922,3.8770832566506495,26102.0,7535.0
3.9,4.205,0.78,0.841,532.9875,19.9215,-0.22839359231548598,0.0641628659974511,20,6.138025455447942,4.4094391393309325,1494810.5,25694.0
2.5,3.6,0.5,0.72,0.0,0.0,-2.2500795964046683,-1.1302650892389299,1,5.454532360345888,4.365506704077209,284795.0,23201.0
3.5,4.1,0.7,0.82,0.0,0.0,-0.8060181649123952,-0.14313454772126047,1,4.796685320811827,4.1075830311913215,62616.0,12811.0
4.5,4.6,0.9,0.92,0.0,0.0,0.6380432665798778,0.84399599379641,1,6.136957937725577,5.620946606028844,1370749.0,417779.0
5.0,4.7,1.0,0.94,0.0,0.0,1.3600739823260142,1.0414221020999452,1,5.3944376711008335,3.912540882790637,247992.0,8176.0
4.5,4.5,0.9,0.9,0.0,0.0,0.6380432665798778,0.6465698854928766,1,6.6264313235496966,5.825477399140763,4230886.0,669079.0
4.5,4.333333333333333,0.9,0.8666666666666667,230510.28,28204.44,0.6380432665798778,0.3175263716536531,3,6.666346007078303,5.6081482684606385,4638163.0,405647.0
4.5,4.9,0.9,0.98,109.45,288.55,0.6380432665798778,1.4362743187070135,1,2.1613680022349744,1.740362689494244,145.0,55.0
5.0,4.6,1.0,0.92,0.0,0.0,1.3600739823260142,0.84399599379641,1,4.889654598475888,4.107854147536859,77563.0,12819.0
4.5,4.1,0.9,0.82,8757.45,6327.320000000002,0.6380432665798778,-0.14313454772126047,1,3.1031192535457137,3.2442771208018426,1268.0,1755.0
4.5,4.3,0.9,0.86,0.0,0.0,0.6380432665798778,0.2517176688858081,1,5.3290722907547305,2.6159500516564007,213340.0,413.0
4.5,4.4,0.9,0.8800000000000001,0.0,0.0,0.6380432665798778,0.4491437771893432,1,4.71624547881444,3.841609712168435,52029.0,6944.0
4.5,4.4,0.9,0.8800000000000001,0.0,0.0,0.6380432665798778,0.4491437771893432,1,4.760218860156886,4.509753444381994,57573.0,32341.0
4.5,4.4,0.9,0.8800000000000001,0.0,0.0,0.6380432665798778,0.4491437771893432,1,5.763067679229533,4.351100260031418,579519.0,22444.0
2.5,3.9,0.5,0.78,0.0,0.0,-2.2500795964046683,-0.5379867643283281,2,5.223922622044654,4.584548366087862,203707.5,41224.0
3.0,4.2,0.6,0.8400000000000001,0.0,0.0,-1.5280488806585315,0.054291560582274696,1,4.89295121055062,4.463997445885866,78154.0,29107.0
4.5,4.5,0.9,0.9,0.0,0.0,0.6380432665798778,0.6465698854928766,1,5.7165116716805375,3.4970679363985044,520609.0,3141.0
4.166666666666667,4.566666666666667,0.8333333333333334,0.9133333333333334,0.0,0.0,0.15668945608245344,0.7781872910285662,3,6.485363766895308,4.011274328904725,3057481.0,10263.0
3.75,4.05,0.75,0.81,0.0,0.0,-0.4450028070393269,-0.24184760187302673,2,5.099648049316059,4.620499616846673,266525.0,96460.5
4.0,4.1,0.8,0.82,0.0,0.0,-0.08398744916625872,-0.14313454772126047,1,4.326806774068437,0.8450980400142567,21223.0,7.0
2.0,3.2,0.4,0.64,0.0,0.0,-2.972110312150805,-1.9199695224530664,1,4.31896022852754,3.4920616045125983,20843.0,3105.0
4.5,4.3,0.9,0.86,0.0,0.0,0.6380432665798778,0.2517176688858081,1,6.602107001161268,6.236674783092929,4000433.0,1724546.0
4.5,4.3,0.9,0.86,0.0,0.0,0.6380432665798778,0.2517176688858081,1,6.909481625870073,5.47013253590946,8118609.0,295211.0
4.0,4.3,0.8,0.86,0.0,0.0,-0.08398744916625872,0.2517176688858081,1,5.8291300202854375,4.587497693147987,674730.0,38681.0
4.5,4.1,0.9,0.82,0.0,0.0,0.6380432665798778,-0.14313454772126047,1,5.5434509079153305,3.0549958615291413,349503.0,1135.0
4.5,4.5,0.9,0.9,0.0,0.0,0.6380432665798778,0.6465698854928766,1,5.499560624043366,4.646531152860363,315908.0,44313.0
4.0,4.45,0.8,0.8900000000000001,0.0,0.0,-0.08398744916625872,0.5478568313411099,2,6.895605530815033,4.855032315724514,33753016.5,1081965.5
5.0,4.9,1.0,0.98,0.0,0.0,1.3600739823260142,1.4362743187070135,1,4.697142126275459,4.242764977752096,49790.0,17489.0
4.0,4.5,0.8,0.9,0.0,0.0,-0.08398744916625872,0.6465698854928766,1,4.484513374292612,2.6190933306267423,30515.0,416.0
4.0,4.4,0.8,0.8800000000000001,0.0,0.0,-0.08398744916625872,0.4491437771893432,1,6.527455761558572,2.598790506763115,3368649.0,397.0
4.5,4.6,0.9,0.92,0.0,0.0,0.6380432665798778,0.84399599379641,1,6.1381602262095365,4.535572586975509,1374549.0,34322.0
4.5,3.9,0.9,0.78,0.0,0.0,0.6380432665798778,-0.5379867643283281,1,2.4065401804339546,2.6190933306267423,255.0,416.0
4.0,4.4,0.8,0.8800000000000001,0.0,0.0,-0.08398744916625872,0.4491437771893432,1,6.04426922200076,4.2310360991465705,1107310.0,17023.0
5.0,4.7,1.0,0.94,1726.53,2907.84,1.3600739823260142,1.0414221020999452,1,2.6190933306267423,2.392696953259666,416.0,247.0
4.5,4.2,0.9,0.8400000000000001,0.0,0.0,0.6380432665798778,0.054291560582274696,1,5.195517747990318,4.433321711630783,156862.0,27122.0
4.5,4.4,0.9,0.8800000000000001,0.0,0.0,0.6380432665798778,0.4491437771893432,1,5.89377562819935,3.5073160400764136,783025.0,3216.0
4.5,4.3,0.9,0.86,0.0,0.0,0.6380432665798778,0.2517176688858081,1,6.392356241343032,5.368470979299045,2468063.0,233599.0
4.5,4.3,0.9,0.86,0.0,0.0,0.6380432665798778,0.2517176688858081,2,3.248829656693841,4.503271796094886,78642.0,82156.0
4.0,4.6,0.8,0.92,0.0,0.0,-0.08398744916625872,0.84399599379641,1,4.9313307166895886,3.737113094305961,85375.0,5459.0
4.0,4.3,0.8,0.86,0.0,0.0,-0.08398744916625872,0.2517176688858081,1,6.389367408522962,5.416582264709409,2451136.0,260965.0
4.5,4.5,0.9,0.9,0.0,0.0,0.6380432665798778,0.6465698854928766,1,7.442828695007466,5.848872362059947,27722264.0,706110.0
4.4,4.4,0.8800000000000001,0.8800000000000001,0.0,0.0,0.4936371234306505,0.44914377718934284,5,6.792291019578153,5.125136295656289,6198563.0,133394.0
3.75,4.25,0.75,0.8500000000000001,10571.315,48542.720000000016,-0.44500280703932693,0.15300461473404137,2,3.710854467237978,3.1338544910487798,9728.0,2118.5
5.0,4.0,1.0,0.8,0.0,0.0,1.3600739823260142,-0.34056065602479385,1,3.573451822035485,2.08278537031645,3745.0,121.0
4.0,4.333333333333333,0.8000000000000002,0.8666666666666667,665.3333333333334,1420.4866666666667,-0.08398744916625872,0.3175263716536531,3,4.374216605428373,2.602059991327962,23671.0,400.0
4.0,4.25,0.8,0.8500000000000001,0.0,0.0,-0.08398744916625872,0.1530046147340414,2,6.6070621419177,3.8289884499484006,6153829.0,7707.5
4.0,4.2,0.8,0.8400000000000001,0.0,0.0,-0.08398744916625872,0.054291560582274696,1,5.931200981245983,3.5215303412787122,853495.0,3323.0
4.5,4.0,0.9,0.8,0.0,0.0,0.6380432665798778,-0.34056065602479385,1,5.9306714624240575,3.297760511099133,852455.0,1985.0
3.5,4.2,0.7,0.8400000000000001,0.0,0.0,-0.8060181649123952,0.054291560582274696,1,4.422031430653621,3.46044678388072,26426.0,2887.0
4.5,4.4,0.9,0.8800000000000001,31950.97,27080.73,0.6380432665798778,0.4491437771893432,1,3.734559821579476,3.806383501824167,5427.0,6403.0
4.0,2.0,0.8,0.4,0.0,0.0,-0.08398744916625872,-4.289082822095476,1,1.3802112417116061,2.1072099696478683,24.0,128.0
4.0,4.3,0.8,0.86,0.0,0.0,-0.08398744916625872,0.2517176688858081,1,5.426426671430235,3.185542154854375,266948.0,1533.0
4.5,4.7,0.9,0.94,0.0,0.0,0.6380432665798778,1.0414221020999452,1,6.3875135114561,5.993841676636848,2440695.0,985920.0
4.5,4.7,0.9,0.94,0.0,0.0,0.6380432665798778,1.0414221020999452,1,5.0622396779525385,4.553506798674196,115409.0,35769.0
4.5,4.4,0.9,0.8800000000000001,45781.57,296822.47000000003,0.6380432665798778,0.4491437771893432,1,4.695069952343106,3.8832638595849738,49553.0,7643.0
4.5,4.3,0.9,0.86,0.0,0.0,0.6380432665798778,0.2517176688858081,1,6.0348573733374025,5.596883965063008,1083571.0,395261.0
3.5,4.2,0.7,0.8400000000000001,0.0,0.0,-0.8060181649123952,0.054291560582274696,1,6.088256256424531,4.85646303771864,1225339.0,71856.0
3.5,4.4,0.7,0.8800000000000001,0.0,0.0,-0.8060181649123952,0.4491437771893432,1,6.718847160148967,5.032687243449101,5234162.0,107817.0
4.0,4.5,0.8,0.9,0.0,0.0,-0.08398744916625872,0.6465698854928766,1,4.152930136422725,2.8998205024270964,14221.0,794.0
4.5,4.2,0.9,0.8400000000000001,0.0,0.0,0.6380432665798778,0.054291560582274696,1,5.333046046978495,4.984680302066374,215301.0,96534.0
3.0,3.7,0.6,0.74,0.0,0.0,-1.5280488806585315,-0.932838980935396,1,4.9076639091203615,5.03545775627958,80847.0,108507.0
2.5,3.8,0.5,0.76,0.0,0.0,-2.2500795964046683,-0.7354128726318624,1,4.547516266351023,3.7772092581456853,35279.0,5987.0
4.5,4.4,0.9,0.8800000000000001,30614.61,100646.39,0.6380432665798778,0.4491437771893432,1,4.5271270138391735,4.010257542998302,33661.0,10239.0
4.5,4.4,0.9,0.8800000000000001,6871.02,55676.79,0.6380432665798778,0.4491437771893432,1,4.270003000105058,3.3613500243522663,18621.0,2298.0
4.0,4.1,0.8,0.82,0.0,0.0,-0.08398744916625872,-0.14313454772126047,1,6.237683705184362,4.838288552212334,1728557.0,68911.0
2.0,3.6,0.4,0.72,0.0,0.0,-2.972110312150805,-1.1302650892389299,1,5.162334354715019,3.607455023214668,145323.0,4050.0
4.0,4.1,0.8,0.82,0.0,0.0,-0.08398744916625872,-0.14313454772126047,1,5.313451701203622,4.600090349113409,205803.0,39819.0
4.25,4.25,0.8500000000000001,0.8500000000000001,0.0,0.0,0.2770279087068095,0.1530046147340414,2,5.902817202817259,4.426418424928572,2150913.0,65939.0
5.0,4.6,1.0,0.92,9939.09,4093.74,1.3600739823260142,0.84399599379641,1,3.0111473607757966,3.3963737275365062,1026.0,2491.0
4.0,4.2,0.8,0.8400000000000001,0.0,0.0,-0.08398744916625872,0.054291560582274696,1,6.100318495596462,4.987093977599972,1259849.0,97072.0
5.0,4.4,1.0,0.8800000000000001,0.0,0.0,1.3600739823260142,0.4491437771893432,1,6.4994185891582665,3.875234946450164,3158047.0,7503.0
4.5,4.5,0.9,0.9,0.0,0.0,0.6380432665798778,0.6465698854928766,1,5.657113244811274,3.0461047872460383,454060.0,1112.0
4.0,4.2,0.8,0.8400000000000001,0.0,0.0,-0.08398744916625872,0.054291560582274696,1,6.223147431054361,4.0528862352563815,1671658.0,11295.0
4.0,4.4,0.8,0.8800000000000001,260.13,4532.84,-0.08398744916625872,0.4491437771893432,1,3.1806992012960347,1.9395192526186185,1516.0,87.0
4.214285714285714,4.414285714285715,0.8428571428571429,0.8828571428571429,0.0,0.0,0.22545428615351407,0.4773475069469904,7,6.016325363653934,4.515966518620907,1038306.0,32807.0
4.0,4.3,0.8,0.86,0.0,0.0,-0.08398744916625872,0.2517176688858081,1,5.229448893596594,3.483872454222673,169609.0,3047.0
4.5,4.6,0.9,0.92,16846.24,37025.8,0.6380432665798778,0.84399599379641,1,3.8704039052790256,3.5284024379536167,7420.0,3376.0
4.5,4.4,0.9,0.8800000000000001,0.0,0.0,0.6380432665798778,0.4491437771893432,1,4.981075278021447,1.301029995663981,95736.0,20.0
4.375,4.324999999999999,0.875,0.865,0.0,0.0,0.4575355876433436,0.3010741959616919,4,5.5725188113197985,4.221152414589882,374654.0,19062.0
4.5,4.4,0.9,0.8800000000000001,0.0,0.0,0.6380432665798778,0.4491437771893432,1,6.692037214380152,4.4956969381869145,4920817.0,31311.0
4.5,4.2,0.9,0.8400000000000001,0.0,0.0,0.6380432665798778,0.054291560582274696,1,6.2948577964338925,4.306274875109346,1971777.0,20243.0
4.5,4.7,0.9,0.94,0.0,0.0,0.6380432665798778,1.0414221020999452,1,5.40527462649624,5.8319049513484655,254258.0,679055.0
4.5,4.5,0.9,0.9,3648863.88,16612182.36,0.6380432665798778,0.6465698854928766,1,6.37594951417994,5.7176804866687005,2376564.0,522012.0
4.5,4.1,0.9,0.82,0.0,0.0,0.6380432665798778,-0.14313454772126047,1,4.636447774917528,3.2904798133306725,43296.0,1952.0
4.0,4.4,0.8,0.8800000000000001,0.0,0.0,-0.08398744916625872,0.4491437771893432,1,4.566790912381592,2.6785183790401144,36880.0,477.0
4.5,4.5,0.9,0.9,0.0,0.0,0.6380432665798778,0.6465698854928766,1,6.124940256636326,5.4681360405503785,1333338.0,293857.0
4.0,4.2,0.8,0.8400000000000001,0.0,0.0,-0.08398744916625872,0.054291560582274696,1,4.907948521612272,4.214446445718393,80900.0,16385.0
3.5,4.4,0.7,0.8800000000000001,0.0,0.0,-0.8060181649123952,0.4491437771893432,1,5.598951286290252,2.9717395908877777,397147.0,937.0
3.5,4.1,0.7,0.82,0.0,0.0,-0.8060181649123952,-0.14313454772126047,1,4.799478398837981,4.516945017136801,63020.0,32881.0
2.5,3.1,0.5,0.62,0.0,0.0,-2.2500795964046683,-2.1173956307566004,1,4.894548658145807,4.6736842898677144,78442.0,47172.0
2.5,4.1,0.5,0.82,0.0,0.0,-2.2500795964046683,-0.14313454772126047,1,5.662564244262063,4.436433002660097,459795.0,27317.0
4.5,4.5,0.9,0.9,0.0,0.0,0.6380432665798778,0.6465698854928766,1,5.993194104466813,3.0802656273398443,984451.0,1203.0
4.5,4.4,0.9,0.8800000000000001,0.0,0.0,0.6380432665798778,0.4491437771893432,1,5.3581824004794,5.403888868483504,228130.0,253448.0
4.5,4.6,0.9,0.92,0.0,0.0,0.6380432665798778,0.84399599379641,1,7.040565237598102,4.996537939171227,10979062.0,99206.0
3.5,4.4,0.7,0.8800000000000001,0.0,0.0,-0.8060181649123952,0.4491437771893432,1,6.7368909180139624,5.489739168593569,5456208.0,308844.0
4.5,4.6,0.9,0.92,0.0,0.0,0.6380432665798778,0.84399599379641,1,6.3718142071078905,4.320270946059832,2354042.0,20906.0
5.0,4.6,1.0,0.92,0.0,0.0,1.3600739823260142,0.84399599379641,1,5.040428271015896,4.225800170570545,109756.0,16819.0
3.25,4.199999999999999,0.6499999999999999,0.84,0.0,0.0,-1.1670335227854634,0.054291560582273815,2,6.305305266564184,4.4242917042762535,5408125.0,130183.0
3.6666666666666665,4.233333333333333,0.7333333333333334,0.8466666666666667,0.0,0.0,-0.565341259663683,0.12010026335011915,3,4.658764792559012,3.187802638718419,45579.0,1541.0
3.5,4.6,0.7,0.92,0.0,0.0,-0.8060181649123952,0.84399599379641,1,5.4005966972025785,4.5310827620341625,251534.0,33969.0
5.0,4.7,1.0,0.94,0.0,0.0,1.3600739823260142,1.0414221020999452,1,4.826534781534393,3.737510690673476,67071.0,5464.0
4.5,4.6,0.9,0.92,125813.22000000002,568357.14,0.6380432665798778,0.84399599379641,1,5.278950131875204,4.624055089282425,190086.0,42078.0
2.5,3.7,0.5,0.74,0.0,0.0,-2.2500795964046683,-0.932838980935396,1,6.087034243101125,4.944275345758799,1221896.0,87958.0
4.5,2.9,0.9,0.58,0.0,0.0,0.6380432665798778,-2.512247847363669,1,1.8573324964312683,4.523837477076492,72.0,33407.0
4.083333333333333,4.316666666666666,0.8166666666666668,0.8633333333333334,9023.321666666667,36836.30166666667,0.036351003458097386,0.2846220202697309,6,5.446408070290007,4.229439496498419,280511.0,16965.5
4.5,4.5,0.9,0.9,0.0,0.0,0.6380432665798778,0.6465698854928766,1,6.504860125766505,5.032606674565235,3197865.0,107797.0
4.5,4.6,0.9,0.92,0.0,0.0,0.6380432665798778,0.84399599379641,1,6.1229576421920715,3.4874212113594742,1327265.0,3072.0
5.0,3.5,1.0,0.7,0.0,0.0,1.3600739823260142,-1.3276911975424643,1,2.060697840353612,4.058691682819229,115.0,11447.0
4.5,4.7,0.9,0.94,327.18,1711.71,0.6380432665798778,1.0414221020999452,1,2.632457292184724,1.9138138523837167,429.0,82.0
4.5,4.6,0.9,0.92,3557.8700000000013,7360.25,0.6380432665798778,0.84399599379641,1,3.1687920203141813,2.8530895298518653,1475.0,713.0
4.0,4.3,0.8,0.86,0.0,0.0,-0.08398744916625872,0.2517176688858081,1,5.723246273560068,3.555578072772956,528745.0,3594.0
5.0,4.6,1.0,0.92,0.0,0.0,1.3600739823260142,0.84399599379641,1,4.518474456766637,0.8450980400142567,32997.0,7.0
4.5,4.7,0.9,0.94,0.0,0.0,0.6380432665798778,1.0414221020999452,1,5.95999245732144,3.5043349118024643,911995.0,3194.0
3.5,4.4,0.7,0.8800000000000001,0.0,0.0,-0.8060181649123952,0.4491437771893432,1,6.012328422751132,4.813020246744774,1028794.0,65016.0
2.0,3.5,0.4,0.7,0.0,0.0,-2.972110312150805,-1.3276911975424643,1,3.829110710155294,3.03462845662532,6747.0,1083.0
4.5,4.6,0.9,0.92,0.0,0.0,0.6380432665798778,0.84399599379641,1,4.955408711853568,5.056660968425724,90242.0,113936.0
5.0,4.8,1.0,0.96,0.0,0.0,1.3600739823260142,1.2388482104034786,1,6.175936622693218,4.9583297119642715,1499466.0,90851.0
4.388888888888889,4.333333333333333,0.8777777777777778,0.8666666666666667,0.0,0.0,0.4775919964140697,0.3175263716536531,9,6.046071589006915,4.2296306555085055,1111915.0,16968.0
4.0,4.5,0.8,0.9,14525.46,200808.99,-0.08398744916625872,0.6465698854928766,1,4.303217663573668,3.1625644065230185,20101.0,1454.0
3.5,4.2,0.7,0.8400000000000001,0.0,0.0,-0.8060181649123952,0.054291560582274696,1,4.558852511698457,3.937066312017428,36212.0,8651.0
4.5,4.5,0.9,0.9,0.0,0.0,0.6380432665798778,0.6465698854928766,1,4.010978012174742,1.9731278535996983,10256.0,94.0
3.0,4.5,0.6,0.9,0.0,0.0,-1.5280488806585315,0.6465698854928766,1,3.7069736761761782,2.2944662261615933,5093.0,197.0
4.5,4.4,0.9,0.8800000000000001,0.0,0.0,0.6380432665798778,0.4491437771893432,1,5.698520711517293,2.7535830588929056,499483.0,567.0
4.0,4.3,0.8,0.86,0.0,0.0,-0.08398744916625872,0.2517176688858081,1,5.81937347441009,5.0773206572893255,659741.0,119487.0
4.5,4.4,0.9,0.8800000000000001,0.0,0.0,0.6380432665798778,0.4491437771893432,1,5.4596186239173745,4.988416249415931,288150.0,97368.0
4.5,4.7,0.9,0.94,0.0,0.0,0.6380432665798778,1.0414221020999452,1,6.276289430889813,4.8797952358739565,1889250.0,75822.0
3.5,4.1,0.7,0.82,0.0,0.0,-0.8060181649123952,-0.14313454772126047,1,5.371965092766489,4.908517187648849,235486.0,81006.0
4.5,4.5,0.9,0.9,0.0,0.0,0.6380432665798778,0.6465698854928766,3,6.1984610604643615,3.632760888479439,1579287.0,4293.0
4.5,4.5,0.9,0.9,0.0,0.0,0.6380432665798778,0.6465698854928766,1,4.878355169096278,3.833019547076531,75571.0,6808.0
4.5,4.5,0.9,0.9,0.0,0.0,0.6380432665798778,0.6465698854928766,1,6.8805025603677175,4.463564532213336,7594559.0,29078.0
4.5,4.4,0.9,0.88,0.0,0.0,0.6380432665798778,0.4491437771893424,2,6.198602562672058,3.6192051654774273,2689044.5,8882.0
4.5,4.6,0.9,0.92,0.0,0.0,0.6380432665798778,0.84399599379641,1,6.634017642214163,6.025970728007988,4305441.0,1061624.0
4.5,4.6,0.9,0.92,0.0,0.0,0.6380432665798778,0.84399599379641,1,5.907055394452843,4.527604125953268,807338.0,33698.0
4.5,4.6,0.9,0.92,0.0,0.0,0.6380432665798778,0.84399599379641,1,6.487598031607944,4.9873176171004205,3073251.0,97122.0
4.5,4.5,0.9,0.9,0.0,0.0,0.6380432665798778,0.6465698854928766,1,4.929495559155407,3.091666957595685,85015.0,1235.0
5.0,4.8,1.0,0.96,0.0,0.0,1.3600739823260142,1.2388482104034786,1,5.039414119176137,4.415974411376566,109500.0,26060.0
4.5,4.5,0.9,0.9,0.0,0.0,0.6380432665798778,0.6465698854928766,1,4.010978012174742,3.901403826825252,10256.0,7969.0
4.5,4.2,0.9,0.8400000000000001,0.0,0.0,0.6380432665798778,0.054291560582274696,1,1.5185139398778873,1.3979400086720375,33.0,25.0
4.0,4.1,0.8,0.82,0.0,0.0,-0.08398744916625872,-0.14313454772126047,1,5.260317100505044,3.341632335778054,182103.0,2196.0
3.5,4.3,0.7,0.86,0.0,0.0,-0.8060181649123952,0.2517176688858081,1,4.945394719244763,3.952840856675701,88185.0,8971.0
4.5,4.5,0.9,0.9,0.0,0.0,0.6380432665798778,0.6465698854928766,1,4.908490380505824,4.029099566823542,81001.0,10693.0
4.5,4.4,0.9,0.8799999999999999,0.0,0.0,0.6380432665798778,0.4491437771893424,2,5.464655110692162,4.5541450503544,794923.0,83688.5
4.333333333333333,4.6,0.8666666666666667,0.92,0.0,0.0,0.3973663613311656,0.84399599379641,3,6.6158166933134055,4.6553977810544245,4128732.0,45227.0
4.25,4.300000000000001,0.8500000000000001,0.8600000000000001,0.0,0.0,0.2770279087068095,0.25171766888580893,2,5.550858438612938,5.3857739309616,395148.0,244198.0
4.0,4.5,0.8,0.9,0.0,0.0,-0.08398744916625872,0.6465698854928766,1,2.7528164311882715,3.9936125579388895,566.0,9854.0
4.5,4.6,0.9,0.92,0.0,0.0,0.6380432665798778,0.84399599379641,1,6.994733778666958,4.026042721005139,9879473.0,10618.0
4.5,4.6,0.9,0.92,0.0,0.0,0.6380432665798778,0.84399599379641,1,5.326040768218962,4.222274149796562,211856.0,16683.0
3.0,4.1,0.6,0.82,0.0,0.0,-1.5280488806585315,-0.14313454772126047,1,5.060822446110187,4.779856124620177,115033.0,60236.0
4.5,4.4,0.9,0.8800000000000001,13380.250000000002,6299.93,0.6380432665798778,0.4491437771893432,1,3.3236645356081005,3.6507930396519295,2107.0,4475.0
5.0,4.7,1.0,0.94,0.0,0.0,1.3600739823260142,1.0414221020999452,1,5.7337844900323836,3.8989992708897887,541732.0,7925.0
4.0,3.1,0.8,0.62,0.0,0.0,-0.08398744916625872,-2.1173956307566004,1,4.382935117923578,3.8762755886778777,24151.0,7521.0
4.5,4.5,0.9,0.9,0.0,0.0,0.6380432665798778,0.6465698854928766,1,5.549460625185372,3.740993931584886,354373.0,5508.0
4.0,4.3,0.8,0.86,0.0,0.0,-0.08398744916625872,0.2517176688858081,1,4.92192046335703,2.7986506454452686,83545.0,629.0
4.5,4.5,0.9,0.9,0.0,0.0,0.6380432665798778,0.6465698854928766,1,5.035881809510413,3.991048776452676,108613.0,9796.0
4.5,4.3,0.9,0.86,0.0,0.0,0.6380432665798778,0.2517176688858081,1,6.786820747610303,4.042221002390382,6120977.0,11021.0
5.0,4.0,1.0,0.8,0.0,0.0,1.3600739823260142,-0.34056065602479385,1,3.188928483760853,3.863857961883972,1545.0,7309.0
4.666666666666667,4.566666666666666,0.9333333333333332,0.9133333333333334,0.0,0.0,0.87872017182859,0.7781872910285655,3,6.201705391285201,5.069926968752472,1591129.0,117470.0
4.5,4.5,0.9,0.9,0.0,0.0,0.6380432665798778,0.6465698854928766,1,6.64810501991629,5.263922348230041,4447388.0,183621.0
4.0,4.4,0.8,0.8800000000000001,166624.125,2439244.38,-0.08398744916625872,0.4491437771893432,2,5.542778137306366,4.346253677516957,348962.0,23837.5
2.0,4.0,0.4,0.8,0.0,0.0,-2.972110312150805,-0.34056065602479385,1,4.361690069637995,2.5171958979499744,22998.0,329.0
4.5,4.4,0.9,0.88,0.0,0.0,0.6380432665798778,0.4491437771893427,3,6.067799279009558,4.419278183187154,1168959.0,26259.0
4.214285714285714,4.4,0.8428571428571429,0.8800000000000001,0.0,0.0,0.22545428615351407,0.4491437771893425,7,6.085666898852866,4.596619084663801,1218055.0,39502.0
4.5,4.4,0.9,0.8800000000000001,0.0,0.0,0.6380432665798778,0.4491437771893432,1,3.371252629124939,3.6940784620807587,2351.0,4944.0
4.5,4.5,0.9,0.9,0.0,0.0,0.6380432665798778,0.6465698854928766,1,6.577367812895397,5.621210566828163,3778921.0,418033.0
4.0,4.0,0.8,0.8,0.0,0.0,-0.08398744916625872,-0.34056065602479385,1,4.836064474351997,3.7174208367223742,68559.0,5217.0
1.5,3.4,0.3,0.6799999999999999,0.0,0.0,-3.6941410278969413,-1.5251173058459986,1,4.197280558125619,0.8450980400142567,15750.0,7.0
4.5,4.4,0.9,0.8800000000000001,0.0,0.0,0.6380432665798778,0.4491437771893432,1,5.6090723018972835,2.357934847000453,406511.0,228.0
4.25,4.35,0.8500000000000001,0.8700000000000001,0.0,0.0,0.2770279087068095,0.3504307230375756,2,6.365134033377635,3.202128134188656,3149907.5,1695.0
4.5,4.5,0.9,0.8999999999999999,15147.340000000002,28717.455,0.6380432665798778,0.6465698854928766,2,4.632989758711839,3.639000512760298,57627.0,6002.0
4.5,4.433333333333334,0.9,0.8866666666666667,5232.91,52037.72333333333,0.6380432665798778,0.5149524799571871,3,4.2020521689120605,3.257198426139344,15924.0,1808.0
4.5,4.566666666666666,0.9,0.9133333333333334,6108.3,165694.65,0.6380432665798778,0.7781872910285655,3,4.924868286127619,3.9269594883802768,84114.0,8452.0
4.0,4.5,0.8,0.9,279.3,1009.47,-0.08398744916625872,0.6465698854928766,1,2.403120521175817,1.845098040014257,253.0,70.0
4.0,4.3,0.8,0.86,0.0,0.0,-0.08398744916625872,0.2517176688858081,1,4.656692194249391,3.9111043178040363,45362.0,8149.0
4.5,4.2,0.9,0.8400000000000001,0.0,0.0,0.6380432665798778,0.054291560582274696,1,3.2103185198262314,2.7234556720351857,1623.0,529.0
4.5,4.3,0.9,0.86,0.0,0.0,0.6380432665798778,0.2517176688858081,1,4.712388709869142,4.314899024273395,51569.0,20649.0
4.5,4.2,0.9,0.8400000000000001,0.0,0.0,0.6380432665798778,0.054291560582274696,1,5.7180580335527935,3.3745650607227646,522466.0,2369.0
4.5,4.633333333333334,0.9,0.9266666666666666,42599.52666666667,149427.24333333332,0.6380432665798778,0.9098046965642551,3,4.444918753773255,3.9945810812598936,27856.0,9876.0
4.5,4.7,0.9,0.94,17380.170000000002,41631.57,0.6380432665798778,1.0414221020999452,1,3.9213222435838215,3.541953474458236,8343.0,3483.0
4.0,4.1,0.8,0.82,0.0,0.0,-0.08398744916625872,-0.14313454772126047,1,4.56602480481272,1.8129133566428552,36815.0,65.0
2.5,3.7,0.5,0.74,0.0,0.0,-2.2500795964046683,-0.932838980935396,1,4.465813957269479,4.266983884766044,29229.0,18492.0
4.5,4.4,0.9,0.8800000000000001,31950.97,6496.980000000001,0.6380432665798778,0.4491437771893432,1,3.1146109842321725,3.806383501824167,1302.0,6403.0
3.0,4.1,0.6,0.82,0.0,0.0,-1.5280488806585315,-0.14313454772126047,1,5.034102814763672,3.453012391121455,108169.0,2838.0
3.0,4.4,0.6,0.8800000000000001,0.0,0.0,-1.5280488806585315,0.4491437771893432,1,4.367393197922476,4.626504608459312,23302.0,42316.0
4.5,4.5,0.9,0.9,0.0,0.0,0.6380432665798778,0.6465698854928766,1,5.658371091660472,5.4826678164317775,455377.0,303856.0
4.5,4.6,0.9,0.92,0.0,0.0,0.6380432665798778,0.84399599379641,1,6.170317172433133,4.57500299943353,1480189.0,37584.0
4.5,4.6,0.9,0.92,45084.65,31127.62000000001,0.6380432665798778,0.84399599379641,1,3.795045370421125,3.95592815689695,6238.0,9035.0
4.0,4.6,0.8,0.92,0.0,0.0,-0.08398744916625872,0.84399599379641,1,4.994387549311506,4.7111911904411174,98716.0,51427.0
1.5,3.1,0.3,0.62,0.0,0.0,-3.6941410278969413,-2.1173956307566004,1,4.00026049854739,3.3008127941181167,10006.0,1999.0
3.5,4.3,0.7,0.86,0.0,0.0,-0.8060181649123952,0.2517176688858081,1,4.3736658429916435,4.0678516605123525,23641.0,11691.0
3.0,4.0,0.6,0.8,0.0,0.0,-1.5280488806585315,-0.34056065602479385,1,4.481256257553045,2.071882007306125,30287.0,118.0
5.0,4.5,1.0,0.9,44669.79,48266.46,1.3600739823260142,0.6465698854928766,1,4.688010252991738,4.654378716189588,48754.0,45121.0
4.5,4.5,0.9,0.9,41.86,589.0300000000002,0.6380432665798778,0.6465698854928766,1,2.2944662261615933,1.1461280356782375,197.0,14.0
4.0,4.1,0.8,0.82,0.0,0.0,-0.08398744916625872,-0.14313454772126047,1,1.9242792860618807,4.3901045638254335,84.0,24553.0
2.5,4.0,0.5,0.8,0.0,0.0,-2.2500795964046683,-0.34056065602479385,1,7.230826516740457,5.51041765210295,17014787.0,323905.0
4.5,4.6,0.9,0.92,0.0,0.0,0.6380432665798778,0.84399599379641,1,5.712360917636444,3.893428841779545,515657.0,7824.0
4.5,4.5,0.9,0.9,0.0,0.0,0.6380432665798778,0.6465698854928766,1,6.7313984880234035,4.351371077498065,5387639.0,22458.0
3.0,3.9,0.6,0.78,0.0,0.0,-1.5280488806585315,-0.5379867643283281,1,4.3941188276945695,4.485039645365261,24781.0,30552.0
2.0,4.3,0.4,0.86,0.0,0.0,-2.972110312150805,0.2517176688858081,1,4.220108088040055,2.8976270912904414,16600.0,790.0
4.5,4.0,0.9,0.8,0.0,0.0,0.6380432665798778,-0.34056065602479385,1,4.209246848753373,4.443075143821725,16190.0,27738.0
4.5,4.55,0.9,0.91,0.0,0.0,0.6380432665798778,0.7452829396446433,4,7.183272606302406,5.590114604767548,16593347.0,417132.5
3.5,3.9333333333333336,0.7000000000000001,0.7866666666666667,0.0,0.0,-0.8060181649123953,-0.47217806156048336,3,4.725454239433493,4.300530269612207,53144.0,19977.0
3.5,4.6,0.7,0.92,0.0,0.0,-0.8060181649123952,0.84399599379641,1,5.259815985925114,3.7620780873346384,181893.0,5782.0
4.0,4.0,0.8,0.8,0.0,0.0,-0.08398744916625872,-0.34056065602479385,1,5.191104334846156,2.3692158574101425,155276.0,234.0
4.5,4.3,0.9,0.86,0.0,0.0,0.6380432665798778,0.2517176688858081,1,6.5805451153951084,4.877440458855396,3806669.0,75412.0
4.5,4.3,0.9,0.86,0.0,0.0,0.6380432665798778,0.2517176688858081,1,5.0500818742946425,2.946943270697825,112223.0,885.0
4.75,4.6,0.95,0.92,0.0,0.0,0.999058624452946,0.8439959937964109,2,6.0347769934427475,4.544235137509723,1102107.5,38880.0
4.0,4.2,0.8,0.8400000000000001,0.0,0.0,-0.08398744916625872,0.054291560582274696,1,4.7968240154388475,4.26259345802605,62636.0,18306.0
3.0,4.5,0.6,0.9,0.0,0.0,-1.5280488806585315,0.6465698854928766,1,2.0293837776852093,1.9867717342662448,107.0,97.0
3.5,4.4,0.7,0.8800000000000001,0.0,0.0,-0.8060181649123952,0.4491437771893432,1,5.644624675801573,5.217386546045639,441189.0,164963.0
4.5,4.2,0.9,0.8400000000000001,0.0,0.0,0.6380432665798778,0.054291560582274696,1,5.947638566451707,5.200973548992658,886418.0,158845.0
3.5,4.3,0.7,0.86,0.0,0.0,-0.8060181649123952,0.2517176688858081,1,4.803320523578754,2.8981764834976764,63580.0,791.0
4.5,4.4,0.9,0.8800000000000001,0.0,0.0,0.6380432665798778,0.4491437771893432,1,4.628307172805736,2.96189547366785,42492.0,916.0
4.5,4.5,0.9,0.9,0.0,0.0,0.6380432665798778,0.6465698854928766,1,4.883547879268043,3.0766404436703416,76480.0,1193.0
4.5,4.5,0.9,0.9,0.0,0.0,0.6380432665798778,0.6465698854928766,1,4.364701049594698,4.268858674994136,23158.0,18572.0
4.5,4.6,0.9,0.92,0.0,0.0,0.6380432665798778,0.84399599379641,1,4.953605076634125,4.35778243623142,89868.0,22792.0
3.5,4.4,0.7,0.8800000000000001,0.0,0.0,-0.8060181649123952,0.4491437771893432,1,6.1926892505619255,5.695154080917,1558437.0,495626.0
4.5,4.5,0.9,0.9,586.0400000000002,152818.90000000002,0.6380432665798778,0.6465698854928766,1,4.7085058809552365,2.2922560713564755,51110.0,196.0
4.5,4.7,0.9,0.94,1611.61,6563.05,0.6380432665798778,1.0414221020999452,1,3.3414345245781405,2.7315887651867388,2195.0,539.0
4.0,4.2,0.8,0.8400000000000001,0.0,0.0,-0.08398744916625872,0.05429156058227466,2,4.304205599960545,3.8696238167261168,20823.5,7549.5
3.5,4.1,0.7,0.82,0.0,0.0,-0.8060181649123952,-0.14313454772126047,1,5.208468230265617,4.694692926331483,161610.0,49510.0
3.5,4.0,0.7,0.8,0.0,0.0,-0.8060181649123952,-0.34056065602479385,1,6.4455691781127324,5.155457501451842,2789775.0,143040.0
4.5,4.5,0.9,0.9,0.0,0.0,0.6380432665798778,0.6465698854928766,1,5.345748062398765,5.017283821560017,221691.0,104060.0
4.5,4.525,0.9,0.905,11817.382500000002,65334.255,0.6380432665798778,0.6959264125687604,4,4.492550871704173,3.5271983863058054,31085.0,3372.5
4.0,4.6,0.8,0.92,0.0,0.0,-0.08398744916625872,0.84399599379641,1,5.386939279174826,5.465065938845875,243747.0,291787.0
4.5,4.4,0.9,0.8800000000000001,0.0,0.0,0.6380432665798778,0.4491437771893432,1,4.923715371317452,5.6074625294741764,83891.0,405007.0
4.0,4.3,0.8,0.86,0.0,0.0,-0.08398744916625872,0.2517176688858081,1,4.285872227069257,3.2161659022859928,19314.0,1645.0
4.5,4.5,0.9,0.9,0.0,0.0,0.6380432665798778,0.6465698854928766,1,4.860415873083373,3.446070935701005,72513.0,2793.0
4.0,4.4,0.8,0.8800000000000001,22019.35,257523.91,-0.08398744916625872,0.4491437771893432,1,5.111964481235437,4.043951418263276,129409.0,11065.0
4.5,4.5,0.9,0.9,0.0,0.0,0.6380432665798778,0.6465698854928766,1,6.893218360007904,4.443904174221354,7820209.0,27791.0
4.0,4.4,0.8,0.8800000000000001,0.0,0.0,-0.08398744916625872,0.4491437771893432,1,6.470605394588515,5.524127282685293,2955326.0,334293.0
4.5,4.0,0.9,0.8,0.0,0.0,0.6380432665798778,-0.34056065602479385,1,4.5121772454784725,3.9703933720796,32522.0,9341.0
2.5,4.0,0.5,0.8,0.0,0.0,-2.2500795964046683,-0.3405606560247943,2,4.081839225083478,3.468050483310746,19197.5,7104.0
4.5,4.6,0.9,0.92,0.0,0.0,0.6380432665798778,0.84399599379641,1,6.32905111904429,5.039608417529184,2133296.0,109549.0
3.5,4.15,0.7,0.8300000000000001,0.0,0.0,-0.8060181649123952,-0.044421493569492876,2,6.374066094286701,4.665845171910989,6073655.5,180060.0
4.5,4.7,0.9,0.94,0.0,0.0,0.6380432665798778,1.0414221020999452,1,5.995850533717983,4.225438516805497,990491.0,16805.0
4.0,4.5,0.8,0.9,0.0,0.0,-0.08398744916625872,0.6465698854928766,1,5.00430847375496,4.299855814704268,100997.0,19946.0
4.0,4.4,0.8,0.8800000000000001,0.0,0.0,-0.08398744916625872,0.4491437771893432,1,5.26978371011636,4.9053856695468765,186116.0,80424.0
3.0,4.300000000000001,0.6,0.8600000000000001,0.0,0.0,-1.5280488806585315,0.25171766888580893,2,6.395628996602888,4.105685333320598,3091575.0,26377.5
4.5,4.5,0.9,0.9,0.0,0.0,0.6380432665798778,0.6465698854928766,2,6.4389595659686325,4.652201279360823,3658594.5,53920.5
3.75,3.95,0.75,0.79,3499.415,42316.355,-0.44500280703932693,-0.43927371017656064,2,5.264268698329449,3.475075165993148,418293.5,3026.0
2.5,3.5,0.5,0.7,0.0,0.0,-2.2500795964046683,-1.3276911975424643,1,4.483544507227305,3.759516759462187,30447.0,5748.0
3.0,3.7,0.6,0.74,0.0,0.0,-1.5280488806585315,-0.932838980935396,1,4.6226387811437375,2.8369567370595496,41941.0,687.0
3.5,4.4,0.7,0.8800000000000001,0.0,0.0,-0.8060181649123952,0.4491437771893432,1,5.876861297650943,4.048208667024145,753115.0,11174.0
4.5,4.7,0.9,0.94,203.32,1243.84,0.6380432665798778,1.0414221020999452,1,2.6190933306267423,1.832508912706236,416.0,68.0
4.25,4.7,0.8500000000000001,0.94,6421.025,12940.72,0.2770279087068095,1.0414221020999452,2,3.6362872520985134,3.102032303289591,4328.0,2147.5
4.5,4.3,0.9,0.86,0.0,0.0,0.6380432665798778,0.2517176688858081,1,5.268652843787502,3.811709026696192,185632.0,6482.0
3.5,4.5,0.7,0.9,0.0,0.0,-0.8060181649123952,0.6465698854928766,1,2.808885867359812,2.598790506763115,644.0,397.0
4.5,4.3,0.9,0.86,0.0,0.0,0.6380432665798778,0.2517176688858081,1,7.054413823186414,5.215502734117334,11334799.0,164249.0
4.5,4.2,0.9,0.8400000000000001,10145.94,4198.32,0.6380432665798778,0.054291560582274696,1,2.2253092817258624,2.608526033577194,168.0,406.0
3.0,3.8,0.6,0.76,0.0,0.0,-1.5280488806585315,-0.7354128726318624,1,4.102673770548926,0.9030899869919434,12667.0,8.0
4.0,4.3,0.8,0.86,0.0,0.0,-0.08398744916625872,0.2517176688858081,1,5.3551468132467095,2.2253092817258624,226541.0,168.0
4.5,4.3,0.9,0.86,0.0,0.0,0.6380432665798778,0.2517176688858081,1,5.170505204166296,4.726604970113564,148083.0,53285.0
5.0,4.5,1.0,0.9,0.0,0.0,1.3600739823260142,0.6465698854928766,1,5.804350051576897,4.9562356832628565,637309.0,90414.0
4.0,4.5,0.8,0.9,0.0,0.0,-0.08398744916625872,0.6465698854928766,1,5.867387339284004,3.878119484697167,736864.0,7553.0
3.0,4.4,0.6,0.8800000000000001,0.0,0.0,-1.5280488806585315,0.4491437771893432,1,5.6449041477559945,4.846868828174237,441473.0,70286.0
4.5,4.45,0.9,0.8900000000000001,0.0,0.0,0.6380432665798778,0.5478568313411099,2,6.016917677385802,4.637570241537993,1697751.0,65467.5
4.25,4.300000000000001,0.8500000000000001,0.8600000000000001,19253.915,6379.715,0.2770279087068095,0.25171766888580893,2,4.8976383115736315,4.837288641182362,1221717.0,310124.5
5.0,4.5,1.0,0.9,0.0,0.0,1.3600739823260142,0.6465698854928766,1,4.306360682861052,4.099611590392528,20247.0,12578.0
4.5,4.6,0.9,0.92,0.0,0.0,0.6380432665798778,0.84399599379641,1,6.859296188395172,5.537876997144141,7232629.0,345046.0
4.5,4.2,0.9,0.8400000000000001,0.0,0.0,0.6380432665798778,0.054291560582274696,1,6.731373820838841,4.5388752225255935,5387333.0,34584.0
3.0,4.4,0.6,0.8800000000000001,0.0,0.0,-1.5280488806585315,0.4491437771893432,1,5.399164727798302,4.634114366807631,250706.0,43064.0
4.5,4.4,0.9,0.8800000000000001,0.0,0.0,0.6380432665798778,0.4491437771893432,1,7.83959943174376,5.458772270686289,69119316.0,287589.0
4.5,4.4,0.9,0.8800000000000001,1659.66,5920.25,0.6380432665798778,0.4491437771893432,1,3.4734869700645685,2.9211660506377384,2975.0,834.0
4.5,4.6,0.9,0.92,0.0,0.0,0.6380432665798778,0.84399599379641,1,5.558672577786328,4.431202884556517,361970.0,26990.0
5.0,4.5,1.0,0.9,0.0,0.0,1.3600739823260142,0.6465698854928766,1,5.665301376714263,3.8114409436741576,462702.0,6478.0
4.0,3.5,0.8,0.7,0.0,0.0,-0.08398744916625872,-1.3276911975424643,1,4.315445518224584,3.2564772062416765,20675.0,1805.0
3.8,4.340000000000001,0.7599999999999999,0.868,0.0,0.0,-0.37279973546471334,0.33068811220722216,5,5.443891672311153,5.055794840199162,277902.0,113709.0
4.0,4.3,0.8,0.86,0.0,0.0,-0.08398744916625872,0.2517176688858081,1,5.599251904580903,5.3500249973956775,397422.0,223885.0
3.6666666666666665,4.233333333333333,0.7333333333333334,0.8466666666666667,14611.356666666668,136002.3,-0.565341259663683,0.12010026335011859,3,5.1126150545312266,3.6317480743965693,129603.0,4283.0
3.5,4.1,0.7,0.82,0.0,0.0,-0.8060181649123952,-0.14313454772126047,1,5.491182335210318,4.082030981267011,309872.0,12079.0
4.5,4.3,0.9,0.86,0.0,0.0,0.6380432665798778,0.2517176688858081,1,7.020581192143832,3.577836341292744,10485308.0,3783.0
4.5,4.6,0.9,0.92,9986.97,81647.37000000001,0.6380432665798778,0.84399599379641,1,4.31096930425081,3.3984608496082234,20463.0,2503.0
4.5,4.4,0.9,0.8800000000000001,0.0,0.0,0.6380432665798778,0.4491437771893432,1,5.434800359625506,4.3079664470282735,272145.0,20322.0
5.0,4.5,1.0,0.9,0.0,0.0,1.3600739823260142,0.6465698854928766,1,4.608707842959472,4.236889793701861,40617.0,17254.0
4.5,4.6,0.9,0.92,0.0,0.0,0.6380432665798778,0.84399599379641,1,5.771816692597787,4.758518276568418,591312.0,57348.0
3.5,4.4,0.7,0.8800000000000001,0.0,0.0,-0.8060181649123952,0.4491437771893432,1,4.608590210285716,1.89209460269048,40606.0,78.0
4.5,4.3,0.9,0.86,0.0,0.0,0.6380432665798778,0.2517176688858081,1,4.71182409451883,4.158422806584881,51502.0,14402.0
4.0,4.4,0.8,0.8800000000000001,0.0,0.0,-0.08398744916625872,0.4491437771893432,1,6.4454365238979126,5.418700592318758,2788923.0,262241.0
4.0,4.2,0.8,0.8400000000000001,0.0,0.0,-0.08398744916625872,0.054291560582274696,1,5.367924046334004,3.66698571832966,233305.0,4645.0
4.5,4.5,0.9,0.9,0.0,0.0,0.6380432665798778,0.6465698854928766,1,5.5195142962756005,4.4511721575125405,330761.0,28260.0
4.5,3.9,0.9,0.78,0.0,0.0,0.6380432665798778,-0.5379867643283281,1,4.678409108821421,2.357934847000453,47688.0,228.0
3.5,4.4,0.7,0.8800000000000001,0.0,0.0,-0.8060181649123952,0.4491437771893432,1,5.7022210939685225,4.992747868613471,503757.0,98344.0
4.5,4.6,0.9,0.92,0.0,0.0,0.6380432665798778,0.84399599379641,1,5.351020917221158,3.2862318540285527,224399.0,1933.0
4.5,4.5,0.9,0.9,0.0,0.0,0.6380432665798778,0.6465698854928766,1,5.569746002582463,4.883047880332608,371318.0,76392.0
4.0,4.4,0.8,0.8800000000000001,0.0,0.0,-0.08398744916625872,0.4491437771893432,1,5.0081017245155985,4.3846042753379715,101883.0,24244.0
4.5,4.4,0.9,0.8800000000000001,0.0,0.0,0.6380432665798778,0.4491437771893432,1,6.914849943763477,4.0645328611315765,8219586.0,11602.0
4.0,4.2,0.8,0.8400000000000001,0.0,0.0,-0.08398744916625872,0.054291560582274696,1,4.921624057420126,5.002066659604745,83488.0,100477.0
4.5,4.3,0.9,0.86,0.0,0.0,0.6380432665798778,0.2517176688858081,1,4.933902149630652,2.786751422145561,85882.0,612.0
